Brand,Industry
1001 Mousse,Personal Care
118 118,Telecommunications
2011 Census,Government
32Red,Gaming/Gambling
5 Gum,Food & Beverages
AA Loans,Financial Services
Abbey National Building Society,Financial Services
Abbey National Open Bondshares,Financial Services
Aberlour Malt Whisky,Alcoholic Beverages
Ackermans,Retail/Fashion
Actimel,Food & Beverages
Activia,Food & Beverages
Admiral Insurance,Insurance
Aerogard,Personal Care
Affinity Water,Utilities
Age Concern,Non-Profit/Charity
AGS Windows,Home Improvement
Air Call,Telecommunications
Air Canada,Airlines/Travel
Airfloss Pro,Personal Care
Albert Bartlett Rooster Potatoes,Food & Beverages
Alberto VO5,Personal Care
Aldi,Retail/Grocery
Aldi Ireland,Retail/Grocery
Aldi UK,Retail/Grocery
Alex Lawrie Factors,Financial Services
All Clear Shampoo,Personal Care
Alliance & Leicester Building Society,Financial Services
Alliance & Leicester First Time Buyers Mortgages,Financial Services
Alliance Building Society,Financial Services
Allianz,Insurance
Allied Dunbar,Financial Services
Allinson's Bread,Food & Beverages
Alpen,Food & Beverages
Alton Towers,Entertainment/Theme Parks
Always Sanitary Pads,Personal Care
Alzheimer's Society,Non-Profit/Charity
Ambrosia,Food & Beverages
American Golf,Retail/Sports
Amnesty International,Non-Profit/Charity
Ancestry.co.uk,Technology/Services
Anchor Aerosol Cream,Food & Beverages
Anchor Butter,Food & Beverages
Anchor Squirty Cream,Food & Beverages
Andrex,Personal Care
Anglia Building Society,Financial Services
Anglian Water,Utilities
Anti-NHS Reform Campaign,Political/Advocacy
ANUSOL,Healthcare/Pharmaceuticals
ANZ New Zealand,Financial Services
Aqua Optima,Home & Garden
Aquafresh,Personal Care
Archers,Alcoholic Beverages
Argos,Retail/General
Ariel,Personal Care
Army,Government/Military
Army Cadet Force,Government/Military
Army Recruitment,Government/Military
Arnott's,Food & Beverages
Arriva Buses,Transportation
Arrol's 80 / -,Alcoholic Beverages
Art Fund,Non-Profit/Charity
Art Institute of Chicago,Education/Culture
Arthur's Catfood,Pet Care
Asia Injury Prevention Foundation,Non-Profit/Charity
ASICS,Retail/Sports
Association L'Enfant Bleu,Non-Profit/Charity
ATS Euromaster Car Repair Centres,Automotive Services
Audi,Automotive
Audi A1,Automotive
Audi Quattro,Automotive
Australian Lamb,Food & Beverages
Auto Express,Media/Publishing
Automobile Association,Automotive Services
Aviva,Insurance
Axe,Personal Care
B&Q,Retail/Home Improvement
Baby Fresh,Personal Care
Babycham,Alcoholic Beverages
Bacardi Breezer,Alcoholic Beverages
Baileys,Alcoholic Beverages
Bakers Complete,Pet Care
Bank of Ireland - Student Banking,Financial Services
Barbican Health & Fitness Centre,Health & Fitness
Barbican Lager,Alcoholic Beverages
Barclaycard,Financial Services
Barclays,Financial Services
Barclays Bank,Financial Services
Barclays iShares,Financial Services
Barclays Wealth,Financial Services
Barnardos,Non-Profit/Charity
Barnardo's,Non-Profit/Charity
Bassetts Liquorice Allsorts,Food & Beverages
Batchelors,Food & Beverages
Batchelors Supernoodles,Food & Beverages
BBC,Media/Broadcasting
BBC Education - Adult Literacy,Education/Media
BBC iPlayer,Media/Broadcasting
Be Clear on Cancer,Healthcare/Public Health
Becks Bier,Alcoholic Beverages
Bell's Whisky,Alcoholic Beverages
Benadryl,Healthcare/Pharmaceuticals
Bendicks,Food & Beverages
Benecol,Food & Beverages
Benenden Health,Healthcare/Insurance
Benylin,Healthcare/Pharmaceuticals
Berocca,Healthcare/Pharmaceuticals
Bertolli,Food & Beverages
BFI,Entertainment/Film
BHF,Non-Profit/Charity
Billy Graham's Mission '89,Religious/Non-Profit
Bird's Eye Alphabites,Food & Beverages
Bird's Eye Crispy Chicken,Food & Beverages
Bird's Eye Fish Fingers,Food & Beverages
Bird's Eye Oven Crispy Cod Steaks In Batter,Food & Beverages
Birmingham Executive Airways,Airlines/Travel
Bissell,Home Appliances
Bisto,Food & Beverages
Black Tower Wine,Alcoholic Beverages
Blockbuster Video,Entertainment/Retail
Blue Dragon,Food & Beverages
Blue Riband,Food & Beverages
Bluewater Shopping Centre,Retail/Shopping Centers
bmibaby,Airlines/Travel
BMW,Automotive
Boddingtons,Alcoholic Beverages
Bolia.com,Retail/Furniture
Bombay Sapphire,Alcoholic Beverages
Book Club Associates,Media/Publishing
Boots,Retail/Healthcare
Boots Advantage Card,Retail/Healthcare
Boots Brand Medicines,Healthcare/Pharmaceuticals
Boots No.7,Personal Care
Bosch,Home Appliances/Technology
Boundless,Travel/Services
Bounty paper towels,Personal Care
Boursin,Food & Beverages
Bovril,Food & Beverages
Bowmore Whisky,Alcoholic Beverages
Bradesco Bank,Financial Services
Bradford & Bingley Building Society,Financial Services
Branston Baked Beans,Food & Beverages
Braun Shavers,Personal Care
Bread,Food & Beverages
Breville Toasted Sandwich Maker,Home Appliances
Brighthouse Financial,Financial Services
Britannia Building Society,Financial Services
British Airways,Airlines/Travel
British Airways Shuttle Service,Airlines/Travel
British Army,Government/Military
British Beer and Pub Association,Industry Association
British Diabetic Association,Non-Profit/Charity
British Film Institute,Entertainment/Film
British Gas,Utilities
British Gas Central Heating,Utilities
British Gas Privatisation,Government/Utilities
British Heart Foundation,Non-Profit/Charity
British Nuclear Fuels,Energy/Nuclear
British Sugar,Food & Beverages
British Telecom,Telecommunications
British Turkey Federation,Food & Beverages
Broadband for Scotland,Telecommunications
Brother,Technology/Electronics
BT,Telecommunications
BT Broadband,Telecommunications
BT Business,Telecommunications
BT Call Waiting,Telecommunications
BT Cellnet,Telecommunications
BT Enterprise,Telecommunications
BT Northern Ireland,Telecommunications
BT Privatisation,Government/Telecommunications
BT Retail,Telecommunications
BT Sport,Media/Sports
BT Total Broadband,Telecommunications
BT.com,Telecommunications
BTNI,Telecommunications
Bud Ice,Alcoholic Beverages
Budweiser,Alcoholic Beverages
Bulldog Broadband,Telecommunications
Bupa,Healthcare/Insurance
Burger King UK,Food & Beverages/Restaurants
Butlins,Entertainment/Travel
Butter Council,Industry Association
bwin,Gaming/Gambling
Cable Television,Media/Broadcasting
Cabwise,Transportation/Services
Cadbury,Food & Beverages
Cadbury Biscuits,Food & Beverages
Cadbury Dairy Milk,Food & Beverages
Cadbury Digestives,Food & Beverages
Cadbury High Lights,Food & Beverages
Cadbury's Boost,Food & Beverages
Cadbury's Caramel,Food & Beverages
Cadbury's Creme Egg,Food & Beverages
Cadbury's Crunchie,Food & Beverages
Cadbury's Curly Wurly,Food & Beverages
Cadbury's Dairy Milk,Food & Beverages
Cadbury's Dream,Food & Beverages
Cadbury's Flake,Food & Beverages
Cadbury's Fudge,Food & Beverages
Cadbury's Mini Eggs,Food & Beverages
Cadbury's Roses,Food & Beverages
Cadbury's Wispa,Food & Beverages
Cadet,Personal Care
Cafe Hag,Food & Beverages
California Travel & Tourism Commission,Tourism/Government
Californian Raisins,Food & Beverages
Campari,Alcoholic Beverages
Campbell's Condensed Soup,Food & Beverages
Campbell's Meatballs,Food & Beverages
Campbell's Soup,Food & Beverages
Cancer Relief Macmillan Fund,Non-Profit/Charity
Cancer Research UK,Non-Profit/Charity
Canderel,Food & Beverages
Canned Salmon,Food & Beverages
Capital One,Financial Services
Carex,Personal Care
Carling,Alcoholic Beverages
Carling Black Label,Alcoholic Beverages
Carling iPint,Alcoholic Beverages
Carousel,Entertainment/Retail
Carrick Jewellery,Retail/Jewelry
Castlemaine XXXX,Alcoholic Beverages
Cathedral City,Food & Beverages
Cazoo,Automotive/Technology
Cellnet Callback,Telecommunications
Census 2021,Government
Center Parcs,Entertainment/Travel
Central Coast,Tourism/Travel
CHANGE4LIFE,Healthcare/Public Health
Channel 4,Media/Broadcasting
Channel 5,Media/Broadcasting
Charlton Athletic Supporters' Club,Sports/Entertainment
Cheese,Food & Beverages
Cheltenham and Gloucester Building Society,Financial Services
Cherries from Chile,Food & Beverages
Chessington World of Adventures,Entertainment/Theme Parks
Chicago Town Pizza,Food & Beverages
Chicken Tonight,Food & Beverages
Chicken Tonight Sizzle & Stir,Food & Beverages
Children's World,Retail/Toys
Choosy Catfood,Pet Care
Christian Aid,Non-Profit/Charity
Churchill Square Shopping Centre,Retail/Shopping Centers
CICA trainers,Retail/Sports
Citroen Diesel Range,Automotive
Clairol Nice 'N' Easy,Personal Care
Clarks Desert Boots,Retail/Fashion
Classic Combination Catalogue,Retail/General
Clean & Clear,Personal Care
Clorets,Personal Care
Clover Margarine,Food & Beverages
Coca Cola Zero,Food & Beverages
Coeliac Disease,Healthcare/Non-Profit
COI - Dept for Work & Pensions - Direct Payment,Government
COI - Dept of Education & Employment - Literacy,Government
COI - Dept of Education & Skills - Aimhigher,Government
COI - Dept of Environment Transport & The Regions - Road Safety,Government
COI - Dept of Health - Anti-Smoking,Government
COI - Dept Of Health - Hepatitis C,Government
COI - Dept Of Health - Obesity,Government
COI - Dept Of Health - Solvent Abuse,Government
COI - Dept Of Health - Stroke Awareness,Government
COI - Dept of Social Security - Family Credit,Government
COI - Dept Of Transport - Drink Driving,Government
COI - Dept Of Transport - Road Safety,Government
COI - DHSS - AIDS,Government
COI - Electricity Privatisation,Government
COI - Health Education Authority - AIDS,Government
COI - Health Education Authority - Drugs,Government
COI - Health Education Authority - Emergency Contraception,Government
COI - Health Education Authority - Immunisation,Government
COI - HM Revenue & Customs - Self Assessment,Government
COI - Home Office - Chip Pan Fires,Government
COI - Home Office - Car Crime,Government
COI - Home Office - Crime,Government
COI - Home Office - Home Protection,Government
COI - Home Office - Online Safety,Government
COI - Home Office - Police Recruitment,Government
COI - Home Office - Smoke Alarms,Government
COI - Home Office - TV Licensing,Government
COI - Inland Revenue - Self Assessment,Government
COI - Jobclubs,Government
COI - Ministry of Defence - Army,Government
COI - Ministry of Defence - RAF,Government
COI - Ministry of Defence - Royal Navy,Government
Cointreau,Alcoholic Beverages
Colgate Toothpaste,Personal Care
Colman's Wholegrain Mustard,Food & Beverages
Comfort Fabric Conditioner,Personal Care
Commonwealth Bank,Financial Services
Concierge Car Wash,Automotive Services
confetti.co.uk,Technology/Services
Confused.com,Technology/Services
Congestion Charge,Government/Transportation
Consensia,Technology/Services
Conservative Party,Political
Co-Op Retail Stores,Retail/Grocery
Co-Operative Bank,Financial Services
Co-Operative Bank Gold Card,Financial Services
Co-Operative Bank Visa Card,Financial Services
Coors Light,Alcoholic Beverages
Copperhead Cider,Alcoholic Beverages
Cornetto,Food & Beverages
Corsodyl,Personal Care
Costa,Food & Beverages/Restaurants
Cotswold Co.,Retail/Home & Garden
Country Club Cuisine,Food & Beverages
Country Life Butter,Food & Beverages
Country Manor,Food & Beverages
Covonia,Healthcare/Pharmaceuticals
Cow & Gate Babymeals,Food & Beverages
Cracottes,Food & Beverages
Cravendale,Food & Beverages
Croft Original,Alcoholic Beverages
CrossCountry Trains,Transportation
Crown Paints,Home Improvement
Crown Solo,Home Improvement
Cumbria Tourist Board,Tourism/Government
Cuprinol,Home Improvement
Curanail,Healthcare/Pharmaceuticals
Currys PC World,Retail/Electronics
Cushelle,Personal Care
Cymalon,Healthcare/Pharmaceuticals
Dacia,Automotive
Daewoo,Automotive
Daihatsu Terios,Automotive
Daily Mail,Media/Publishing
Dairy Box,Food & Beverages
Dairylea,Food & Beverages
Danish Bacon,Food & Beverages
Danum Taps,Home Improvement
Data Protection Registrar,Government
DAVE,Technology/Services
David Lloyd Clubs,Health & Fitness
David Sheldrick Wildlife Trust,Non-Profit/Charity
Day Nurse,Healthcare/Pharmaceuticals
Daz,Personal Care
De Beers Diamonds,Retail/Jewelry
Debenhams,Retail/General
Deep Clean Denture Cleaner,Personal Care
Degree Antiperspirant,Personal Care
Demand Broadband,Telecommunications
Dept of Energy Communications & Natural Resources (Ireland) - Energy Efficiency for Ireland,Government
Dept of Environment Northern Ireland - Drink Driving,Government
Dept of Environment Northern Ireland - Road Safety,Government
DERO,Technology/Services
Dettol,Personal Care
Dextro Energy Tablets,Healthcare/Pharmaceuticals
DFS,Retail/Furniture
DHL Worldwide Couriers,Logistics/Shipping
Diageo portfolio,Alcoholic Beverages
Digital UK,Technology/Government
Digital Workplace,Technology/Services
Direct Debit,Financial Services
Direct Line,Insurance
Direct Line Insurance,Insurance
Disability Rights Commission,Government/Non-Profit
Discovery - Marshall Cavendish Partworks,Media/Publishing
DLG,Technology/Services
Dog Registration,Government/Pet Services
Dog's Trust,Non-Profit/Charity
Domino's Pizza,Food & Beverages/Restaurants
Don't Be A Cancer Chancer,Healthcare/Public Health
Doritos,Food & Beverages
Doro Mobile Phones,Technology/Electronics
Dove,Personal Care
Dove Deodorant,Personal Care
Dove Hair Care,Personal Care
Dove Shower Gel,Personal Care
Dr Beckmann Rescue Oven Cleaner,Home & Garden
Draught Guinness in Cans,Alcoholic Beverages
Dream Topping,Food & Beverages
Dulux,Home Improvement
Dunfermline Building Society,Financial Services
Dunlop Carpet Tiles,Home Improvement
Duracell,Technology/Electronics
Duracell Batteries,Technology/Electronics
Dynatron Music Suite,Technology/Electronics
E & P Loans,Financial Services
E4 Skins,Media/Entertainment
East Midlands Trains,Transportation
easyJet,Airlines/Travel
Economist The,Media/Publishing
EDF Energy,Utilities
Edinburgh Club,Entertainment/Hospitality
Edinburgh Zoo,Entertainment/Tourism
Eggo,Food & Beverages
Eggs Authority,Industry Association
Electoral Commission,Government
Electoral Commission - Northern Ireland,Government
Elephant Atta Chakki Gold Chapatti Flour,Food & Beverages
Ella's Kitchen,Food & Beverages
Ellerman Sunflight,Airlines/Travel
English Country Cottages,Tourism/Travel
Enterprise Initiative - Business Consultancy,Business Services
Enterprise-Rent-A-Car,Automotive Services
Equity & Law Life Insurance,Insurance
Erskine Hospital,Healthcare
Essential Waitrose,Retail/Grocery
Eurax,Healthcare/Pharmaceuticals
Europcar,Automotive Services
Eurostar,Transportation
Eurotunnel,Transportation
Eurotunnel Le Shuttle,Transportation
eve Sleep,Retail/Home & Garden
Evening Standard Classified Recruitment,Media/Publishing
Everest,Home Improvement
Evergood Coffee,Food & Beverages
Exbury Gardens,Entertainment/Tourism
Expedia,Travel/Technology
Extra Gum,Food & Beverages
Fairy,Personal Care
Fairy Liquid,Personal Care
Fairy Non Bio Laundry Detergent,Personal Care
Famous Grouse,Alcoholic Beverages
FareShare,Non-Profit/Charity
Farmers Table Chicken,Food & Beverages
Felix Catfoods,Pet Care
Ferranti Cetec,Technology/Electronics
Fertilizer Manufacturers Association,Industry Association
Fiat,Automotive
Fidelity Stocks & Shares ISA,Financial Services
Findus Crispy Pancakes,Food & Beverages
Findus French Bread Pizza,Food & Beverages
Findus Lasagne,Food & Beverages
Fine Fare,Retail/Grocery
Fire Authority for Northern Ireland,Government
Fire Safety,Government/Public Safety
First Choice Holidays,Travel/Tourism
First Direct,Financial Services
First Great Western,Transportation
First Scotrail,Transportation
First4Adoption,Government/Non-Profit
Fleggaard,Retail/General
Flowers and Plants Association,Industry Association
Fona Dansk Elektrik,Utilities
Ford,Automotive
Ford Fiesta,Automotive
Ford Galaxy,Automotive
Ford Granada,Automotive
Forevermark,Retail/Jewelry
Formula 1,Sports/Entertainment
Foster's,Alcoholic Beverages
Fox's Biscuits,Food & Beverages
Foxtel,Media/Broadcasting
French Connection,Retail/Fashion
French Golden Delicious Apples,Food & Beverages
Freschetta,Food & Beverages
Frijj Milkshakes,Food & Beverages
Frish,Food & Beverages
Frizzell Insurance,Insurance
Fruitopia,Food & Beverages
Fruit-Tella,Food & Beverages
Fry's Turkish Delight,Food & Beverages
FT.com,Media/Publishing
Fybogel,Healthcare/Pharmaceuticals
Gala Bingo,Gaming/Entertainment
Galaxy S9,Technology/Electronics
Garnier,Personal Care
Garnier UltraLift,Personal Care
General Accident,Insurance
ghd,Personal Care
Gillette,Personal Care
Gini,Food & Beverages
Ginsters Pasties,Food & Beverages
Glasgow,Tourism/Government
Glasgow City Marketing Bureau,Tourism/Government
GLC,Government
Glenmorangie Whisky,Alcoholic Beverages
Glider,Transportation
Glow-Worm,Home Improvement
Go Luck Yourself,Gaming/Entertainment
Go.Compare,Technology/Services
Godiva,Food & Beverages
Gold Spot Breath Freshner,Personal Care
Goodyear Grandprix,Automotive
Gordon's Gin,Alcoholic Beverages
Gousto,Food & Beverages/Technology
Government Communication Service,Government
Grant's Whisky,Alcoholic Beverages
Great Western Railway,Transportation
Greater London Authority - Safer Travel at Night,Government
Greater Manchester Health and Social Care Partnership,Healthcare/Government
Green Giant Sweetcorn,Food & Beverages
Greene King IPA Bitter,Alcoholic Beverages
Greene Science,Technology/Services
Greenpeace,Non-Profit/Environmental
Group of Humanitarian Attention to the Demobilised,Non-Profit/Charity
Gu,Food & Beverages
Guardian The,Media/Publishing
Guinness,Alcoholic Beverages
Guinness Book Of Records,Media/Publishing
GWR,Transportation
H&M,Retail/Fashion
H. Samuel,Retail/Jewelry
Haagen-Dazs,Food & Beverages
Haig Club,Alcoholic Beverages
Halifax,Financial Services
Halifax - Student Banking,Financial Services
Halifax Bank of Scotland,Financial Services
Halifax Building Society,Financial Services
Halifax Building Society Convertible Term Shares,Financial Services
Halls Soothers,Healthcare/Pharmaceuticals
Hansa Lager,Alcoholic Beverages
Hargreaves Lansdown,Financial Services
Hastings Hotels,Hospitality/Tourism
Health Education Board - Anti-Smoking,Government/Healthcare
Health Education Board Scotland - Nation's Health,Government/Healthcare
Health Education Board Scotland - Physical Activity,Government/Healthcare
Health Promotion Board Singapore,Government/Healthcare
Heart & Stroke Foundation of Canada,Non-Profit/Charity
Heineken,Alcoholic Beverages
Heineken 0.0,Alcoholic Beverages
Heineken Export,Alcoholic Beverages
Heinz,Food & Beverages
Heinz [Seriously] Good Mayonnaise,Food & Beverages
Heinz Beanz Snap Pots,Food & Beverages
Heinz Pasta Sauces,Food & Beverages
Hellmann's Mayonnaise,Food & Beverages
Help for Heroes,Non-Profit/Charity
Help to Buy,Government/Housing
Hendrick's,Alcoholic Beverages
Henri Winterman Special Mild Cigars,Tobacco
Hep30,Healthcare/Pharmaceuticals
Hepworth Heating,Home Improvement
Herta,Food & Beverages
Hertfordshire Constabulary,Government/Law Enforcement
Hewlett Packard,Technology/Electronics
Hillarys,Home Improvement
Hiscox,Insurance
Historic Scotland,Government/Tourism
Hoechst,Healthcare/Pharmaceuticals
Hofels Garlic Pearles,Healthcare/Pharmaceuticals
Hofmeister,Alcoholic Beverages
Hollyoaks,Media/Entertainment
Homebase,Retail/Home Improvement
Honda,Automotive
Honda Civic,Automotive
Honda Odyssey,Automotive
Horlicks,Food & Beverages
Hotel Chocolat,Food & Beverages/Retail
Hotels.com,Travel/Technology
Hoverspeed,Transportation
Hovis,Food & Beverages
HP,Technology/Electronics
HSBC,Financial Services
Hudson Payne & Iddiolis,Business Services
Huggies Nappies,Personal Care
Hush Puppies,Retail/Fashion
Hyundai,Automotive
I Can't Believe It's Not Butter!,Food & Beverages
I Quit,Healthcare/Public Health
IBM,Technology/Electronics
Iceland Frozen Foods,Retail/Grocery
Ichnusa,Alcoholic Beverages
ICI,Chemicals/Industrial
ICI Dulux Natural Whites,Home Improvement
IFAW,Non-Profit/Environmental
iHobo,Technology/Services
IKEA,Retail/Furniture
IKEA Catalogue,Retail/Furniture
Imodium,Healthcare/Pharmaceuticals
Imperial Leather,Personal Care
Imperial War Museum,Entertainment/Culture
Impulse,Personal Care
Independent The,Media/Publishing
ING Direct,Financial Services
Insignia,Technology/Electronics
International Business Show,Business Services
International Wool Secretariat,Industry Association
IPA Society Meetings,Industry Association
Irish News The,Media/Publishing
Irish News The - GAA Fantasy Football,Media/Sports
Irn Bru,Food & Beverages
Israel Government Tourist Office,Tourism/Government
It Doesn't Have to Happen,Public Safety/Government
ITV,Media/Broadcasting
ITV & Veg Power,Media/Public Health
Jack Daniel's Tennessee Whiskey,Alcoholic Beverages
Jaguar Land Rover,Automotive
Jamie's School Dinners,Food & Beverages/Public Health
Jammie Dodgers,Food & Beverages
Jeep Cherokee,Automotive
Jeyes Bloo,Home & Garden
Jif Surface Cleaner,Home & Garden
John Frieda,Personal Care
John Lewis,Retail/General
John Lewis Insurance,Insurance
John Smith's Bitter,Alcoholic Beverages
Johnnie Walker,Alcoholic Beverages
Jungle Formula,Personal Care
Juvederm Ultra,Healthcare/Cosmetics
K Shoes,Retail/Fashion
Kaliber,Alcoholic Beverages
Karcher Pressure Washers,Home & Garden
Kärcher UK,Home & Garden
Karvol Nasal Decongestant,Healthcare/Pharmaceuticals
Kays Catalogue,Retail/General
Keep Britain Tidy,Non-Profit/Environmental
Kellogg's All Bran,Food & Beverages
Kellogg's Bran Flakes,Food & Beverages
Kellogg's Coco Pops,Food & Beverages
Kellogg's Cornflakes,Food & Beverages
Kellogg's Frozen Waffles,Food & Beverages
Kellogg's Nutri-Grain,Food & Beverages
Kellogg's Real Fruit Winders,Food & Beverages
Kellogg's Rice Krispies,Food & Beverages
Kellogg's Super Noodles,Food & Beverages
Kelso Racecourse,Sports/Entertainment
Kenco,Food & Beverages
Kensington Palace,Tourism/Government
Key 103 Radio,Media/Broadcasting
KFC,Food & Beverages/Restaurants
KFC Australia,Food & Beverages/Restaurants
KhairKhwah,Non-Profit/Charity
Kia Ora,Food & Beverages
Kitkat,Food & Beverages
Kiwi Shoe Polish,Personal Care
Kleenex Velvet,Personal Care
Knorr Stock Cubes,Food & Beverages
Knorr Stock Pot,Food & Beverages
Kodak Colour Print Film,Technology/Electronics
Kodak Inkjet Printer Range,Technology/Electronics
Kraft Sausage Rolls,Food & Beverages
Krona Margarine,Food & Beverages
Kronenbourg 1664,Alcoholic Beverages
Kwik-Fit,Automotive Services
Lada Cars,Automotive
Ladbrokes,Gaming/Gambling
Laithwaites Wine,Alcoholic Beverages/Retail
Lanacane,Healthcare/Pharmaceuticals
Lancashire Short Breaks,Tourism/Travel
Lanson Champagne,Alcoholic Beverages
LateRooms.com,Travel/Technology
Lay's,Food & Beverages
Le Creuset,Retail/Home & Garden
Le Piat D'Or,Alcoholic Beverages
Le Shuttle,Transportation
Lea & Perrins Worcestershire Sauce,Food & Beverages
Learndirect,Education/Technology
Learndirect Scotland,Education/Technology
Leeds Building Society Liquid Gold Account,Financial Services
Lego - Bionicle,Retail/Toys
Lego Minipacks,Retail/Toys
Legoland Windsor,Entertainment/Theme Parks
Lenor,Personal Care
Lets Do London,Tourism/Government
Levi 501s,Retail/Fashion
Levi Strauss,Retail/Fashion
Libresse,Personal Care
Lidl,Retail/Grocery
Lifebuoy,Personal Care
lights by TENA,Personal Care
Lil-lets,Personal Care
Lilt,Food & Beverages
Limelite Limescale Remover,Home & Garden
Lincoln Financial Group,Financial Services
Lincoln Motors,Automotive
Lion Bar,Food & Beverages
Listerine,Personal Care
Listermint,Personal Care
Littlewoods Pools,Gaming/Entertainment
Liverpool ONE,Retail/Shopping Centers
Lloyds Bank,Financial Services
Lloyds TSB,Financial Services
LNER,Transportation
London 2012 (Travel Demand Management),Government/Transportation
London Buses Driver Recruitment,Government/Transportation
London Business School Pre Masters Campaign,Education
London Docklands Development,Government/Real Estate
London Philharmonic,Entertainment/Culture
London Transport Fare Evasion,Government/Transportation
London Weekend Television,Media/Broadcasting
L'Oréal Paris,Personal Care
L'Oreal Paris Age Perfect,Personal Care
L'Oreal Paris UK,Personal Care
Lotto,Gaming/Gambling
Lucas Aerospace,Aerospace/Industrial
Lucozade,Food & Beverages
Lucozade Sport,Food & Beverages
Lukcy Lotteries,Gaming/Gambling
Lurpak,Food & Beverages
Lux,Personal Care
LV=,Insurance
LWT,Media/Broadcasting
Lynx,Personal Care
Lynx Pulse,Personal Care
Lynx Rise,Personal Care
Lyons Maid Fab,Food & Beverages
Lyons Maid Favourite Centres,Food & Beverages
M&G,Financial Services
Maaza,Food & Beverages
Maclaren Prams,Retail/Baby Products
Macmillan Cancer Support,Non-Profit/Charity
Macpherson Paints,Home Improvement
Magners,Alcoholic Beverages
Magnum 7 Sins,Food & Beverages
Magnum Gold ?!,Food & Beverages
Make Poverty History,Non-Profit/Charity
Malibu,Alcoholic Beverages
Maltesers,Food & Beverages
Manchester City Football Club,Sports/Entertainment
Manchester Evening News,Media/Publishing
Manger's Sugar Soap,Home & Garden
Marie Curie Cancer Care,Non-Profit/Charity
Marks & Spencer,Retail/General
Marks & Spencer Food,Retail/Grocery
Marks & Spencer Lingerie,Retail/Fashion
Marmite,Food & Beverages
Marmite XO,Food & Beverages
Marmoleum,Home Improvement
Married at First Sight,Media/Entertainment
Mars Incorporated,Food & Beverages
Marston's Low 'C,Alcoholic Beverages
Marston's Pedigree,Alcoholic Beverages
Maryland Cookies,Food & Beverages
Mastercard,Financial Services
Mattessons / Fridge Raiders,Food & Beverages
Mattessons Fridge Raiders,Food & Beverages
Maximuscle Sports Nutrition,Health & Fitness
Mayor of London,Government
Mazda Cars,Automotive
Mazola Corn Oil,Food & Beverages
McCain,Food & Beverages
McCain Oven Chips,Food & Beverages
McCain Wedges,Food & Beverages
McCann Demand,Business Services
McDonald's,Food & Beverages/Restaurants
McDonald's Virtual Coins,Food & Beverages/Technology
McDougalls Saucy Sponge,Food & Beverages
McVite's,Food & Beverages
McVitie's Abbey Crunch,Food & Beverages
McVitie's Jaffa Cakes,Food & Beverages
Médecins Sans Frontières UK,Non-Profit/Charity
Mercedes-Benz,Automotive
Mercury Communications,Telecommunications
Metrication,Government
Metropolitan Police,Government/Law Enforcement
Midland Bank Vector Account,Financial Services
Midland Bank's Live! Cash,Financial Services
Miele,Home Appliances
Milk,Food & Beverages
Miller Lite,Alcoholic Beverages
Milo,Food & Beverages
Mini,Automotive
Mini Cheddars,Food & Beverages
Missing People,Non-Profit/Charity
Mobile Internet,Telecommunications
Moneyextra,Financial Services
Monopoly,Retail/Toys
Monopoly City Streets,Gaming/Technology
Monster Munch,Food & Beverages
MORE4,Media/Broadcasting
Morrisons,Retail/Grocery
Mortgage Corporation,Financial Services
Motorola,Technology/Electronics
Motorola DEFY90,Technology/Electronics
Mr Kipling,Food & Beverages
Mr Muscle,Home & Garden
MTR,Food & Beverages
Müller,Food & Beverages
Multiple Sclerosis Society,Non-Profit/Charity
Munch Bunch,Food & Beverages
Murphy's Irish Stout,Alcoholic Beverages
Myk Menthol,Personal Care
Narellan Pools,Home & Garden
National Art Pass,Non-Profit/Culture
National Code And Number Change,Government/Telecommunications
National Dairy Council,Industry Association
National Depression Initiative (NDI),Healthcare/Non-Profit
National Lottery,Gaming/Government
National Savings,Financial Services
National Savings Income Bonds,Financial Services
National Savings Premium Bonds,Financial Services
National Trust,Non-Profit/Heritage
National Trust For Scotland,Non-Profit/Heritage
Nationwide,Financial Services
Nationwide Anglia Flex Account,Financial Services
Nationwide Building Society,Financial Services
Nationwide Flex Account,Financial Services
Naturella,Personal Care
Natwest,Financial Services
NatWest Business Development Loans,Financial Services
NCS,Technology/Services
Nefax Facsimilie,Technology/Electronics
Negas Cookers,Home Appliances
Nescafe,Food & Beverages
Nescafe Gold Blend,Food & Beverages
Nestle Caramac,Food & Beverages
Network Q,Automotive Services
Neutrogena,Personal Care
New Man Clothes,Retail/Fashion
New York Bakery Company,Food & Beverages
New Zealand Lamb,Food & Beverages
NHS,Healthcare/Government
NHS England,Healthcare/Government
NHS SEL,Healthcare/Government
NICEIC & ELECSA,Industry Association
Nicorette,Healthcare/Pharmaceuticals
Nike,Retail/Sports
Nikon,Technology/Electronics
Nissan,Automotive
Nissan Micra,Automotive
No More Nails,Home Improvement
Noise Awareness,Government/Public Health
Norsk Data,Technology/Electronics
North West Water,Utilities
Northern Bank Limited,Financial Services
Northern Ireland Court Service,Government
Northern Ireland Fire And Rescue Service,Government
Northern Ireland Office - Car Crime,Government
Northern Ireland Tourist Board,Tourism/Government
Norwich Union,Insurance
Norwich Union Stakeholder Pensions,Financial Services
Nouvelle Toilet Paper,Personal Care
Now That's What I Call Music,Media/Entertainment
NSPCC,Non-Profit/Charity
Nurofen,Healthcare/Pharmaceuticals
Nursing Recruitment,Healthcare/Government
Nutella,Food & Beverages
Nytol,Healthcare/Pharmaceuticals
O2,Telecommunications
O2 Gurus,Telecommunications
O2 Stadium,Entertainment/Sports
Observer The,Media/Publishing
Ocean Spray,Food & Beverages
Octasa,Technology/Services
Oddbins,Retail/Alcoholic Beverages
Odol-med3 Toothpaste,Personal Care
Officeworks,Retail/Office Supplies
Olivio,Food & Beverages
Olympus,Technology/Electronics
Omega Chewing Gum,Food & Beverages
One2One,Telecommunications
ONLY,Retail/Fashion
Optrex,Healthcare/Pharmaceuticals
Oral-B,Personal Care
Orange,Telecommunications
Oranjeboom,Alcoholic Beverages
Organ Donor Register,Healthcare/Government
Original Source,Personal Care
OTP Bank,Financial Services
Otrivine,Healthcare/Pharmaceuticals
Ovaltine,Food & Beverages
OVO,Utilities
Oxo Cubes and Gravy Granules,Food & Beverages
Oxo Stockmaker,Food & Beverages
P&O Cruises,Travel/Tourism
P&O Ferries,Transportation
Paignton Zoo,Entertainment/Tourism
Pampers,Personal Care
Panasonic Toughbook,Technology/Electronics
Pancreatic Cancer Action,Non-Profit/Charity
Paracodol,Healthcare/Pharmaceuticals
Parodontax,Personal Care
Paul Masson California Carafes,Alcoholic Beverages
Pedigree,Pet Care
Penguin,Food & Beverages
People's Postcode Lottery,Gaming/Charity
Peperami,Food & Beverages
Pepsi Max,Food & Beverages
Pergraphica,Technology/Services
Permian Strategic Partnership,Energy/Industrial
Perrier,Food & Beverages
Persil,Personal Care
Petits Filou,Food & Beverages
Petplan,Pet Care/Insurance
PG Tips,Food & Beverages
Philadelphia Cream Cheese,Food & Beverages
Phileas Fogg,Food & Beverages
Philips Cooktronic,Home Appliances
Philips MSS Shaver,Personal Care
Philips Video,Technology/Electronics
Pilgrims Choice Cheese,Food & Beverages
Pilkington Activ Glass,Industrial/Construction
Pilkington Glass,Industrial/Construction
Pink Lady,Food & Beverages
Pirelli,Automotive
Pizza Hut,Food & Beverages/Restaurants
Plax,Personal Care
Plenty paper towels,Personal Care
Plessey PDX,Technology/Electronics
Plusnet,Telecommunications
Polaroid,Technology/Electronics
Police Federation,Government/Law Enforcement
Police Service of Northern Ireland,Government/Law Enforcement
Polo Mints,Food & Beverages
Poly Foam Perms,Personal Care
Pomegreat,Food & Beverages
Portsmouth News,Media/Publishing
Post Office,Government/Postal Services
Post Office - Special Issue Stamps,Government/Postal Services
Postbank,Financial Services
Pot Noodle,Food & Beverages
Pot Snacks,Food & Beverages
Potatoes,Food & Beverages
PPI Deadline,Financial Services/Government
Premier Inn,Hospitality/Tourism
Presto,Home Appliances
Pretty Polly,Retail/Fashion
Pringles,Food & Beverages
Privilege Insurance,Insurance
Procell,Technology/Electronics
Program of Humanitarian Attention to the Demobilised,Non-Profit/Charity
Promote Iceland,Tourism/Government
Prospan,Healthcare/Pharmaceuticals
Prudential,Financial Services
Pure Gym,Health & Fitness
Purplebricks,Real Estate/Technology
QE2,Transportation/Tourism
Quaker Harvest Chewy Bars,Food & Beverages
Qualcast Concorde Lawn Mower,Home & Garden
QualitySolicitors,Legal Services
Quatro,Food & Beverages
Quorn Burgers,Food & Beverages
Radio Rentals,Retail/Electronics
Radion Automatic,Personal Care
Radley handbags,Retail/Fashion
RAF Recruitment,Government/Military
Raider,Food & Beverages
Rainbow Evaporated Milk,Food & Beverages
Range Rover,Automotive
Ready Baked Jackets,Food & Beverages
Real McCoy's,Food & Beverages
Red Meat,Food & Beverages
Red Mountain,Food & Beverages
Reebok,Retail/Sports
Refinitiv,Technology/Financial Services
Reliant Metrocabs,Automotive
Remegel,Healthcare/Pharmaceuticals
Remember A Charity,Non-Profit/Charity
Renault 19,Automotive
Renault 5,Automotive
Renault Clio,Automotive
Renault Trafic & Master Vans,Automotive
Resolva 24H Weedkiller,Home & Garden
responsibletravel.com,Travel/Tourism
Ribena,Food & Beverages
Right Behind Gay Footballers,Sports/Advocacy
Rimmel Cosmetics,Personal Care
RNIB,Non-Profit/Charity
RNID,Non-Profit/Charity
Road Safety Authority (Republic of Ireland),Government/Public Safety
Robinsons Fruit Shoot,Food & Beverages
Rocky Biscuits,Food & Beverages
Rogue,Food & Beverages
Rolls Royce Privatisation,Government/Aerospace
Roundup Weedkiller,Home & Garden
Rover 200,Automotive
Rowenta Small Electrical Appliances,Home Appliances
Rowntree's Fruit Gums,Food & Beverages
Royal Bank of Scotland,Financial Services
Royal Bank Of Scotland Cashline,Financial Services
Royal College of Nursing,Healthcare/Professional Association
Royal Mail,Government/Postal Services
Royal Mail Business Economy,Government/Postal Services
Royal Navy,Government/Military
Royal Navy Recruitment,Government/Military
RSPCA,Non-Profit/Animal Welfare
Rubicon,Food & Beverages
Rugby League World Cup 2021,Sports/Entertainment
Rugby World Cup 2015,Sports/Entertainment
Rumbelows,Retail/Electronics
Ryvita,Food & Beverages
Ryvita Minis,Food & Beverages
S1jobs.com,Technology/Employment
S4C,Media/Broadcasting
Saab,Automotive
Safeway,Retail/Grocery
Sainsbury's,Retail/Grocery
Sainsbury's Magazine,Media/Publishing
Samaritans,Non-Profit/Charity
Sambito S.A,Food & Beverages
Samsung,Technology/Electronics
Sanatogen Multivitamins,Healthcare/Pharmaceuticals
Sandplate,Technology/Services
Sandy Hook Promise,Non-Profit/Advocacy
Santander,Financial Services
Sapur,Food & Beverages
Save The Children,Non-Profit/Charity
Schmackos,Pet Care
Scoot.com,Travel/Technology
Scotcade,Gaming/Entertainment
Scotch Video Cassettes,Technology/Electronics
Scotland on Sunday,Media/Publishing
Scotrail,Transportation
Scottish Amicable,Financial Services
Scottish Executive - Children's Panel,Government
Scottish Executive - Domestic Abuse,Government
Scottish Executive - Drugs,Government
Scottish Executive - Literacy,Government
Scottish Executive - Organ Donation,Government
Scottish Executive - Teacher Recruitment,Government
Scottish National Blood Transfusion Service,Healthcare/Government
Scottish Power,Utilities
Scottish Prison Service,Government
Scruffs Hard Wear,Retail/Fashion
Seafish Industry Authority,Industry Association
Seeds of Change,Food & Beverages
Seiko Watches,Retail/Jewelry
Sellafield Visitors Centre,Tourism/Government
Senokot,Healthcare/Pharmaceuticals
Sensodyne,Personal Care
Sensodyne Pronamel,Personal Care
Shake 'n' Vac,Home & Garden
Shakers Cocktails,Alcoholic Beverages
Shangri-La Hotels & Resorts,Hospitality/Tourism
Shell,Energy/Oil & Gas
Shell Optimax,Energy/Oil & Gas
Shell V Power,Energy/Oil & Gas
Shell Velocita,Energy/Oil & Gas
Shloer,Food & Beverages
Shredded Wheat,Food & Beverages
Sick Kids,Non-Profit/Charity
Silentnight Beds,Retail/Home & Garden
Simple,Personal Care
Sixt,Automotive Services
SK-II,Personal Care
Skittles,Food & Beverages
Skoda,Automotive
Skol,Alcoholic Beverages
Sky,Media/Broadcasting
Sky Broadband,Telecommunications
Slendertone,Health & Fitness
Slumberdown,Retail/Home & Garden
Slumberdown Quilts,Retail/Home & Garden
Slurpee,Food & Beverages
Smart Energy GB,Government/Utilities
Smart Movers,Real Estate/Services
Smarties,Food & Beverages
Smirnoff Vodka,Alcoholic Beverages
Smith's Square Crisps,Food & Beverages
Smokefree North West,Healthcare/Public Health
Smooth FM,Media/Broadcasting
Snickers,Food & Beverages
So...? - Yardley,Personal Care
Sobieski,Alcoholic Beverages
Soft & Gentle,Personal Care
Solvite,Home Improvement
Sony,Technology/Electronics
Sony Bravia,Technology/Electronics
Sony Camcorders,Technology/Electronics
Sony Ericsson,Technology/Electronics
Sony Ericsson T610,Technology/Electronics
Sony Handycam,Technology/Electronics
Soothers,Healthcare/Pharmaceuticals
Soreen Malt Loaf,Food & Beverages
SPC Packaged Fruits and Vegetables,Food & Beverages
Specsavers,Healthcare/Retail
Speeding,Government/Public Safety
Spies Travels,Travel/Tourism
Sport England,Government/Sports
Springers,Food & Beverages
Sprite,Food & Beverages
St Ivel Gold,Food & Beverages
St John Ambulance,Non-Profit/Healthcare
Standard Bank,Financial Services
Stanley Tools,Retail/Tools
Star Alliance,Airlines/Travel
Starbucks,Food & Beverages/Restaurants
Stella Artois,Alcoholic Beverages
Sting Energy Drink,Food & Beverages
Stoptober,Healthcare/Public Health
Storage Heaters,Home Improvement
Strathclyde Police,Government/Law Enforcement
Strepsils,Healthcare/Pharmaceuticals
Strongbow,Alcoholic Beverages
Subway,Food & Beverages/Restaurants
Sudocrem,Personal Care
Summers The Plumbers,Home Services
Sunblest Sunbran,Food & Beverages
Supasnaps,Retail/Photography
Supermalt,Food & Beverages
Surf,Personal Care
Suzuki,Automotive
Swan Vesta Matches,Home & Garden
SWEB Security Systems,Security/Technology
Swinton Insurance,Insurance
Swinton Taxi Division,Transportation
Switch Card Scheme,Financial Services
Ta Chong Bank,Financial Services
TalkTalk,Telecommunications
Tandon Computers,Technology/Electronics
Tango,Food & Beverages
TCP,Healthcare/Pharmaceuticals
TDA Teacher Recruitment,Government/Education
Tea,Food & Beverages
Teacher Training Agency,Government/Education
Teletext,Media/Broadcasting
Temptations,Pet Care
TENA,Personal Care
Tenderstem,Food & Beverages
Tennents,Alcoholic Beverages
Tennents Pilsner,Alcoholic Beverages
Territorial Army Recruitment,Government/Military
Terry's Chocolate Orange,Food & Beverages
Tesco,Retail/Grocery
Tesco Clubcard,Retail/Grocery
Tesco Mobile,Telecommunications
Tetley Tea Bags,Food & Beverages
TFO,Technology/Services
The AA,Automotive Services
The All England Lawn Tennis Club,Sports/Entertainment
The Campaign Against Living Miserably (CALM),Non-Profit/Mental Health
The Co-Operative Food,Retail/Grocery
The Global Fund To Fight AIDS Tuberculosis and Malaria,Non-Profit/Healthcare
The Guardian & The Observer,Media/Publishing
The Happy Egg Co.,Food & Beverages
The Lego Movie,Entertainment/Film
The Philippines,Tourism/Government
The Royal British Legion,Non-Profit/Military Support
The Salvation Army,Non-Profit/Religious
The United Nations,International Organization
The Women's Foundation,Non-Profit/Charity
The Woodsman,Food & Beverages
thetrainline.com,Travel/Technology
THINK !,Government/Public Safety
Think!,Government/Public Safety
Thomas Cook,Travel/Tourism
Three,Telecommunications
Tia Maria,Alcoholic Beverages
Time to Change,Non-Profit/Mental Health
Times The,Media/Publishing
TiVo,Technology/Electronics
Tizer,Food & Beverages
Tjaereborg Rejser,Travel/Tourism
T-Mobile,Telecommunications
Tobacco Control,Government/Public Health
Tobacco Free Futures,Healthcare/Public Health
Tolly's Original,Alcoholic Beverages
Tommy's - The Baby Charity,Non-Profit/Charity
Top Gear,Media/Entertainment
Torbay Tourist Board,Tourism/Government
Toshiba,Technology/Electronics
TOTAL 0% Greek Yoghurt,Food & Beverages
Touche Remnant Unit Trusts,Financial Services
Tourism Ireland,Tourism/Government
Tower of London,Tourism/Government
Toyota AYGO,Automotive
Toyota Corolla,Automotive
Toyota Rav4,Automotive
Toyota Yaris,Automotive
Training & Development Agency for Schools,Government/Education
Trans World Airlines,Airlines/Travel
Translink Metro,Transportation
Transport For London - Cycling Safety,Government/Transportation
Travel & Surf,Travel/Tourism
travelocity.co.uk,Travel/Technology
Tri-Ac,Healthcare/Pharmaceuticals
Tribute Ale,Alcoholic Beverages
Trident (Metropolitan Police),Government/Law Enforcement
Tritace,Healthcare/Pharmaceuticals
Triumph Dolomite,Automotive
Tropicana Pure Premium,Food & Beverages
True Match,Personal Care
Truth Project,Government/Investigation
TSB,Financial Services
TSB School Leavers,Financial Services
TSB Trust,Financial Services
Tudor Specials Crisps,Food & Beverages
TUI,Travel/Tourism
TV Licensing,Government/Media
TWA Ambassador Class,Airlines/Travel
Twix,Food & Beverages
Tyne And Wear Fire And Rescue Services,Government/Emergency Services
U by Kotex,Personal Care
UK Government,Government
UKTV,Media/Broadcasting
UKTV - Blighty,Media/Broadcasting
UKTV - Eden,Media/Broadcasting
Umbongo Tropical Juice Drink,Food & Beverages
Unibond,Home Improvement
Unicliffe Slimming Aids,Healthcare/Weight Loss
Unite against COVID-19,Healthcare/Public Health
United Biscuits Countline Range,Food & Beverages
University of Dundee,Education
UPS,Logistics/Shipping
US Army,Government/Military
Uvistat,Personal Care
Vanguard,Financial Services
Vanish,Personal Care
Varilux Lenses,Healthcare/Vision
Vauxhall Astra,Automotive
Vauxhall Cavalier,Automotive
Vegetarian Society,Non-Profit/Food Advocacy
Velvet Toilet Tissue,Personal Care
Very,Retail/General
Vimto,Food & Beverages
Virgin Atlantic,Airlines/Travel
Virgin Media,Telecommunications
Virgin Media O2,Telecommunications
Virgin Mobile,Telecommunications
Virgin Mobile Australia,Telecommunications
Virgin Trains,Transportation
Visa UK,Financial Services
Visit London,Tourism/Government
VitalityHealth,Healthcare/Insurance
VO5 Extreme Style,Personal Care
Vodafone,Telecommunications
Volkswagen,Automotive
Volkswagen Commercial Vehicles,Automotive
Volkswagen Diesel,Automotive
Volkswagen Golf,Automotive
Volkswagen Golf GTI MK 5,Automotive
Volkswagen Passat,Automotive
Volkswagen Tiguan,Automotive
Volvo,Automotive
Volvo Life Paint,Automotive
Vype,Personal Care
wagamama,Food & Beverages/Restaurants
Waistline,Food & Beverages
Waitrose,Retail/Grocery
Waitrose & Partners,Retail/Grocery
Walkers Crisps,Food & Beverages
Wallis,Retail/Fashion
WALL'S,Food & Beverages
Wall's Sausages,Food & Beverages
Wall's Viennetta,Food & Beverages
Walnut Whips,Food & Beverages
Warburtons Bread,Food & Beverages
Waste Awareness,Government/Environmental
WaterAid,Non-Profit/Charity
Websters Yorkshire Bitter,Alcoholic Beverages
Weetabix,Food & Beverages
Weight Watchers Slimming Club,Health & Fitness
Wendy's,Food & Beverages/Restaurants
West End Quay,Real Estate/Development
West Midlands Hub of Museums,Entertainment/Culture
West of Scotland Oral Cancer Awareness,Healthcare/Public Health
Westwood Tractors,Industrial/Agriculture
Which?,Consumer Advocacy/Media
Whipsnade Wild Animal Park,Entertainment/Tourism
Whiskas,Pet Care
Whitegates Estates Agents,Real Estate
Wickes,Retail/Home Improvement
Wilson's Ultra Golf Balls,Retail/Sports
Winalot Prime,Pet Care
Women's Aid,Non-Profit/Charity
Wonderbly,Technology/Retail
Wonderbra,Retail/Fashion
Xbox,Technology/Gaming
Xero,Technology/Software
Yellow Pages (Norway),Media/Directory Services
Yeoman Pie Fillings,Food & Beverages
Yorkie,Food & Beverages
Yorkshire Bank,Financial Services
Yorkshire Forward,Government/Economic Development
Yorkshire Tea,Food & Beverages
Yorkshire Tourist Board,Tourism/Government
Young Person's Railcard,Transportation/Government
Zanussi,Home Appliances
Zovirax,Healthcare/Pharmaceuticals
